coin_id,ticker,coin_name,price_usd,market_cap_usd,market_cap_rank,volume_usd_24h,high_usd_24h,low_usd_24h,pct_change_24h,circulating_supply,last_updated_utc
bitcoin,BTC,Bitcoin,69408.0,1388236061134,1,45378695780.0,71230.0,69034.0,-0.16941,20001059.0,2026-03-12 05:41:00.555000+00:00
ethereum,ETH,Ethereum,2024.53,244344564022,2,18845666744.0,2082.55,2010.47,0.05093,120691977.447831,2026-03-12 05:41:00.494000+00:00
tether,USDT,Tether,1.0,183960319199,3,70498658698.0,1.0,0.999893,0.00204,183959901909.3361,2026-03-12 05:40:58.603000+00:00
binancecoin,BNB,BNB,643.66,87767867799,4,992144752.0,655.24,636.75,0.67164,136358223.31,2026-03-12 05:41:00.483000+00:00
ripple,XRP,XRP,1.37,83768015168,5,2323530078.0,1.41,1.37,-0.81602,61227832454.0,2026-03-12 05:41:08.276000+00:00
usd-coin,USDC,USDC,0.99991,78785813890,6,4401641048.0,1.0,0.999813,-0.00464,78793208462.90878,2026-03-12 05:40:59.996000+00:00
solana,SOL,Solana,85.0,48524452398,7,3953952583.0,87.83,84.52,-1.32735,571113721.484009,2026-03-12 05:40:57.483000+00:00
tron,TRX,TRON,0.289633,27441597103,8,503061030.0,0.29188,0.286614,1.00755,94746059267.7016,2026-03-12 05:40:58.600000+00:00
figure-heloc,FIGR_HELOC,Figure Heloc,1.027,16181551574,9,19585021.0,1.036,1.027,-0.87827,15757493780.407,2026-03-12 05:00:14.577000+00:00
dogecoin,DOGE,Dogecoin,0.092046,14117374673,10,1161847122.0,0.094434,0.09168,-0.29949,153373466383.7052,2026-03-12 05:41:03.012000+00:00
whitebit,WBT,WhiteBIT Coin,54.73,11680316957,11,57924309.0,56.22,54.7,-1.07133,213418274.0,2026-03-12 05:40:59.011000+00:00
usds,USDS,USDS,0.99993,11196040004,12,17339537.0,1.0,0.999422,0.00264,11196885490.13781,2026-03-12 05:40:58.619000+00:00
cardano,ADA,Cardano,0.258303,9514203364,13,457372324.0,0.266585,0.25729,-0.24668,36833527390.06435,2026-03-12 05:41:02.035000+00:00
bitcoin-cash,BCH,Bitcoin Cash,453.96,9081931858,14,200579450.0,459.2,447.44,0.8417,20006178.02165078,2026-03-12 05:41:04.349000+00:00
hyperliquid,HYPE,Hyperliquid,36.79,8741742530,15,428824141.0,36.96,34.24,6.21097,238385315.9541414,2026-03-12 05:41:04.315000+00:00
leo-token,LEO,LEO Token,9.08,8363389400,16,1441434.0,9.24,9.06,-1.65058,921144077.9,2026-03-12 05:41:05.112000+00:00
monero,XMR,Monero,352.34,6497947989,17,91708682.0,359.08,347.87,-1.24131,18446744.07370955,2026-03-12 05:41:05.951000+00:00
chainlink,LINK,Chainlink,8.86,6275547106,18,316027478.0,9.13,8.85,-0.79703,708099970.4525867,2026-03-12 05:41:02.184000+00:00
ethena-usde,USDE,Ethena USDe,0.999543,5913622222,19,68200746.0,1.0,0.998926,0.00351,5916596181.308628,2026-03-12 05:41:07.838000+00:00
canton-network,CC,Canton,0.150881,5735697589,20,248933032.0,0.154966,0.146486,1.91345,38014461318.39068,2026-03-12 05:41:01.668000+00:00
stellar,XLM,Stellar,0.156665,5170571779,21,94357705.0,0.161629,0.155727,-0.0415,33003964886.19148,2026-03-12 05:40:57.709000+00:00
usd1-wlfi,USD1,USD1,0.999118,4609019818,22,1305962945.0,0.999909,0.998895,-0.02335,4613424583.988876,2026-03-12 05:40:58.936000+00:00
dai,DAI,Dai,0.999946,4268515819,23,138825349.0,1.001,0.999721,0.00538,4268884651.25009,2026-03-12 05:41:02.488000+00:00
rain,RAIN,Rain,0.00876156,4188322223,24,17954724.0,0.0091784,0.00874233,-1.76192,478050400456.4691,2026-03-12 05:41:07.508000+00:00
litecoin,LTC,Litecoin,54.06,4159330848,25,283397926.0,55.17,53.62,0.66161,76939283.23347135,2026-03-12 05:41:05.492000+00:00
paypal-usd,PYUSD,PayPal USD,0.999946,4092806377,26,99312301.0,1.001,0.999426,0.0392,4092794623.112395,2026-03-12 05:41:07+00:00
avalanche-2,AVAX,Avalanche,9.46,4084096430,27,260488766.0,9.82,9.45,-0.93712,431771961.1772119,2026-03-12 05:41:00.828000+00:00
hedera-hashgraph,HBAR,Hedera,0.09325,4038029141,28,85584710.0,0.095996,0.093173,-0.95963,43303421564.98109,2026-03-12 05:41:04.141000+00:00
sui,SUI,Sui,0.963534,3757816526,29,498238898.0,0.99704,0.947121,1.29215,3899984688.415443,2026-03-12 05:40:58.001000+00:00
zcash,ZEC,Zcash,204.4,3392691012,30,253440150.0,216.18,204.4,-4.16707,16598209.5405448,2026-03-12 05:40:59.749000+00:00
shiba-inu,SHIB,Shiba Inu,5.69e-06,3354594235,31,141129455.0,5.86e-06,5.59e-06,1.425,589243713842394.0,2026-03-12 05:41:08.224000+00:00
the-open-network,TON,Toncoin,1.33,3269437865,32,81682105.0,1.34,1.29,2.45449,2453457151.292093,2026-03-12 05:40:58.486000+00:00
crypto-com-chain,CRO,Cronos,0.075355,3096984209,33,8556728.0,0.076076,0.075103,0.00799,41096765608.51527,2026-03-12 05:41:02.306000+00:00
tether-gold,XAUT,Tether Gold,5111.94,2884747760,34,412461803.0,5165.18,5096.56,-0.95381,564548.641693,2026-03-12 05:40:58.172000+00:00
world-liberty-financial,WLFI,World Liberty Financial,0.100134,2768680277,35,52185578.0,0.102703,0.100083,-0.95152,27661671242.0,2026-03-12 05:40:59.198000+00:00
pax-gold,PAXG,PAX Gold,5147.19,2571776260,36,277761199.0,5205.15,5135.94,-1.04785,499961.295,2026-03-12 05:41:06.980000+00:00
memecore,M,MemeCore,1.44,2520246151,37,9223339.0,1.48,1.41,0.679,1745090424.121202,2026-03-12 05:41:05.602000+00:00
polkadot,DOT,Polkadot,1.49,2501194093,38,111640998.0,1.55,1.48,1.07844,1673554555.120947,2026-03-12 05:41:07.217000+00:00
uniswap,UNI,Uniswap,3.85,2438252103,39,154342545.0,3.95,3.81,0.58719,633561603.6037512,2026-03-12 05:40:58.655000+00:00
mantle,MNT,Mantle,0.693033,2270288763,40,29419775.0,0.702125,0.690642,-0.45923,3277944055.53684,2026-03-12 05:41:05.485000+00:00
pi-network,PI,Pi Network,0.224927,2163860210,41,48905464.0,0.237231,0.216978,-2.18273,9662259352.043278,2026-03-12 05:41:07.033000+00:00
hashnote-usyc,USYC,Circle USYC,1.12,2135639360,42,99.61,1.12,1.12,-0.00854,1908184536.794647,2026-03-12 05:41:03.979000+00:00
blackrock-usd-institutional-digital-liquidity-fund,BUIDL,BlackRock USD Institutional Digital Liquidity Fund,1.0,1993947246,43,0.0,1.0,1.0,0.0,1993947246.360449,2026-03-12 05:40:07.352000+00:00
okb,OKB,OKB,94.56,1985815096,44,26259959.0,96.46,94.07,-1.81757,21000000.0,2026-03-12 05:41:06.462000+00:00
bittensor,TAO,Bittensor,201.47,1935257683,45,116629467.0,205.96,194.45,3.17549,9597491.0,2026-03-12 05:41:01.259000+00:00
sky,SKY,Sky,0.079535,1833117422,46,18480819.0,0.079931,0.072808,4.63429,23051790334.820103,2026-03-12 05:41:08.229000+00:00
global-dollar,USDG,Global Dollar,0.99997,1739764610,47,91257782.0,1.0,0.999814,-0.02367,1739918666.460832,2026-03-12 05:41:03.755000+00:00
falcon-finance,USDF,Falcon USD,0.997209,1736571830,48,1149336.0,0.998533,0.9956,0.00164,1741370665.469855,2026-03-12 05:41:03.209000+00:00
aster-2,ASTER,Aster,0.700625,1720189008,49,89513892.0,0.706944,0.687705,0.79221,2455859719.12999,2026-03-12 05:41:00.700000+00:00
near,NEAR,NEAR Protocol,1.28,1654367442,50,176360856.0,1.32,1.27,0.68347,1289952793.0,2026-03-12 05:41:06.258000+00:00
aave,AAVE,Aave,107.83,1636077110,51,251172129.0,113.37,107.66,-1.4225,15182797.815008005,2026-03-12 05:41:00.197000+00:00
ripple-usd,RLUSD,Ripple USD,0.999845,1578185040,52,81691978.0,1.0,0.999568,-0.00744,1578567714.127282,2026-03-12 05:41:07.819000+00:00
bitget-token,BGB,Bitget Token,2.17,1515969622,53,50788020.0,2.19,2.16,-1.00189,699992035.9787906,2026-03-12 05:41:01.180000+00:00
htx-dao,HTX,HTX DAO,1.61e-06,1471752406,54,26418292.0,1.61e-06,1.58e-06,1.46878,916533066327098.8,2026-03-12 05:41:04.173000+00:00
internet-computer,ICP,Internet Computer,2.55,1401156988,55,304174222.0,2.84,2.36,7.82082,549455100.0428957,2026-03-12 05:41:04.559000+00:00
pepe,PEPE,Pepe,3.27e-06,1374204804,56,264147930.0,3.38e-06,3.26e-06,0.1494,420690000000000.0,2026-03-12 05:41:07.108000+00:00
bfusd,BFUSD,BFUSD,0.999398,1319335530,57,1570538.0,0.999602,0.998902,0.03949,1320000000.0,2026-03-12 05:41:00.995000+00:00
ondo-us-dollar-yield,USDY,Ondo US Dollar Yield,1.11,1299860555,58,1783272.0,1.12,1.087,0.02282,1169428782.022992,2026-03-12 05:41:06.532000+00:00
ethereum-classic,ETC,Ethereum Classic,8.18,1274820159,59,44468229.0,8.41,8.16,-0.09706,155864741.4255723,2026-03-12 05:41:03.153000+00:00
ondo-finance,ONDO,Ondo,0.25134,1223107017,60,34456584.0,0.260748,0.251143,-0.42339,4869330647.0,2026-03-12 05:41:06.624000+00:00
pump-fun,PUMP,Pump.fun,0.00199836,1179042078,61,103771110.0,0.00206711,0.00196478,0.23087,590000000000.0,2026-03-12 05:41:07.515000+00:00
gatechain-token,GT,Gate,7.03,1133103428,62,1913761.0,7.09,7.0,0.1902,115180573.04885802,2026-03-12 05:41:03.574000+00:00
superstate-short-duration-us-government-securities-fund-ustb,USTB,Superstate Short Duration U.S. Government Securities Fund (USTB),11.02,1063626464,63,0.0,11.02,11.01,0.00956,96552716.582928,2026-03-12 05:40:03.109000+00:00
morpho,MORPHO,Morpho,1.92,1053223721,64,17059722.0,2.0,1.9,-2.29872,549277592.9150137,2026-03-12 05:41:06.041000+00:00
kucoin-shares,KCS,KuCoin,7.94,1049663575,65,2279530.0,8.11,7.85,-1.88887,132155021.7355671,2026-03-12 05:41:04.950000+00:00
polygon-ecosystem-token,POL,POL (ex-MATIC),0.097039,1029469032,66,53253397.0,0.098496,0.095679,1.28478,10606529558.27263,2026-03-12 05:41:07.289000+00:00
worldcoin-wld,WLD,Worldcoin,0.349301,1016910030,67,72506590.0,0.363751,0.348385,-1.34108,2913007607.032222,2026-03-12 05:40:59.293000+00:00
eutbl,EUTBL,Spiko EU T-Bills Money Market Fund,1.21,943477468,68,0.0,1.22,1.21,-0.77735,779981029.00342,2026-03-12 05:40:08.914000+00:00
quant-network,QNT,Quant,62.48,908649090,69,8917334.0,63.47,62.2,0.24846,14544176.164081175,2026-03-12 05:41:07.478000+00:00
cosmos,ATOM,Cosmos Hub,1.81,902178246,70,30134275.0,1.85,1.8,0.27277,497590204.543741,2026-03-12 05:41:02.399000+00:00
nexo,NEXO,NEXO,0.891388,891387881,71,6068763.0,0.913859,0.887081,-0.12318,1000000000.0,2026-03-12 05:41:06.245000+00:00
ethena,ENA,Ethena,0.103725,879995111,72,84157840.0,0.106429,0.100906,2.00593,8492187500.0,2026-03-12 05:41:03.141000+00:00
usdtb,USDTB,USDtb,0.999699,835277265,73,1654998.0,1.004,0.996903,0.13108,835770172.1561825,2026-03-12 05:40:58.595000+00:00
midnight-3,NIGHT,Midnight,0.04972127,826037002,74,123863382.0,0.053389,0.04569497,-4.89771,16607399400.63495,2026-03-12 05:41:05.842000+00:00
kaspa,KAS,Kaspa,0.03029067,810680986,75,11093585.0,0.03068093,0.02998349,0.47023,26777148610.50726,2026-03-12 05:41:04.829000+00:00
render-token,RENDER,Render,1.51,784129132,76,68120372.0,1.57,1.46,3.24263,518743261.0140742,2026-03-12 05:41:07.812000+00:00
hash-2,HASH,Provenance Blockchain,0.01405799,781290601,77,4504.15,0.01425659,0.01380617,1.24821,55576282186.0,2026-03-12 05:41:03.942000+00:00
usdd,USDD,USDD,0.99993,757809134,78,4666831.0,1.001,0.999662,-0.02193,757886715.71,2026-03-12 05:40:58.640000+00:00
flare-networks,FLR,Flare,0.00888699,756150324,79,2875820.0,0.00904702,0.00888024,-0.41074,85142622249.43343,2026-03-12 05:41:03.290000+00:00
algorand,ALGO,Algorand,0.085023,755702923,80,29351666.0,0.087407,0.08445,0.53829,8888258635.127714,2026-03-12 05:41:06.558000+00:00
ousg,OUSG,OUSG,114.56,749080420,81,0.0,114.56,114.55,0.00925,6538956.255127354,2026-03-12 05:30:09.673000+00:00
aptos,APT,Aptos,0.924269,722426786,82,58085311.0,0.972335,0.92427,-1.52609,781543003.5257668,2026-03-12 05:41:00.652000+00:00
official-trump,TRUMP,Official Trump,2.86,665374653,83,72165983.0,2.96,2.86,-1.62365,232498807.465716,2026-03-12 05:41:06.636000+00:00
filecoin,FIL,Filecoin,0.86223,655656256,84,125700608.0,0.908383,0.850466,1.11551,761238211.0,2026-03-12 05:41:03.347000+00:00
xdce-crowd-sale,XDC,XDC Network,0.03263377,650625996,85,15103860.0,0.03262577,0.03206075,1.7873,19937200444.02,2026-03-12 05:40:59.525000+00:00
janus-henderson-anemoy-treasury-fund,JTRSY,Janus Henderson Anemoy Treasury Fund,1.097,618545599,86,0.0,1.097,1.097,0.00912,563912617.034361,2026-03-12 05:35:05.948000+00:00
beldex,BDX,Beldex,0.080494,612283529,87,11662652.0,0.082164,0.079542,1.00969,7606156757.196043,2026-03-12 05:41:01.037000+00:00
stable-2,STABLE,​​Stable,0.02921586,607778331,88,22235127.0,0.02971458,0.02719114,5.21504,20792011316.0,2026-03-12 05:41:08.496000+00:00
vechain,VET,VeChain,0.00700864,602638395,89,15520023.0,0.00720141,0.00699336,0.16326,85985041177.0,2026-03-12 05:40:58.823000+00:00
ylds,YLDS,YLDS,0.999915,595504102,90,3314337.0,1.0,0.999827,0.00067,595554426.68,2026-03-12 05:40:59.692000+00:00
arbitrum,ARB,Arbitrum,0.098327,583827004,91,68906755.0,0.10272,0.097306,1.03612,5939074958.0,2026-03-12 05:41:00.651000+00:00
gho,GHO,GHO,1.0,574023411,92,2749644.0,1.001,0.999403,0.01138,574000000.0,2026-03-12 05:41:03.614000+00:00
jupiter-exchange-solana,JUP,Jupiter,0.161748,565689730,93,26127043.0,0.168215,0.161757,-1.91762,3497363517.1,2026-03-12 05:41:04.881000+00:00
usual-usd,USD0,Usual USD,0.999878,562913443,94,541202.0,1.004,0.992034,0.14082,562982339.1108514,2026-03-12 05:40:58.652000+00:00
bonk,BONK,Bonk,5.84e-06,514295555,95,38620761.0,6.09e-06,5.84e-06,-0.56156,87994758722573.7,2026-03-12 05:41:01.445000+00:00
true-usd,TUSD,TrueUSD,0.999302,494169912,96,4533205.0,1.0,0.998866,-0.0404,494515083.0,2026-03-12 05:40:58.392000+00:00
a7a5,A7A5,A7A5,0.01228655,481575055,97,3964.83,0.01258405,0.01219471,-1.31279,39195312902.57074,2026-03-12 05:40:59.856000+00:00
fasttoken,FTN,Fasttoken,1.089,472091966,98,39763.0,1.09,1.088,0.02421,433861414.6,2026-03-12 05:41:03.183000+00:00
decred,DCR,Decred,27.11,469396780,99,2200734.0,29.05,27.04,-6.43882,17316531.63607314,2026-03-12 05:41:02.411000+00:00
kite-2,KITE,Kite,0.259105,466383750,100,86675286.0,0.276355,0.248816,-3.06581,1800000000.0,2026-03-12 05:41:04.935000+00:00
just,JST,JUST,0.052622,463003964,101,28930369.0,0.053691,0.051153,2.84983,8815108920.581306,2026-03-12 05:41:04.739000+00:00
blockstack,STX,Stacks,0.251785,461890894,102,12582546.0,0.259437,0.251291,-2.01244,1834468611.11911,2026-03-12 05:41:01.361000+00:00
euro-coin,EURC,EURC,1.15,449751380,103,33862501.0,1.16,1.15,-0.78015,389808346.6439161,2026-03-12 05:41:03.229000+00:00
pancakeswap-token,CAKE,PancakeSwap,1.36,449480455,104,26061511.0,1.39,1.36,-0.2881,329999350.8730736,2026-03-12 05:41:06.964000+00:00
virtual-protocol,VIRTUAL,Virtuals Protocol,0.683151,448482812,105,59273691.0,0.714269,0.681367,-1.53603,656301970.3333926,2026-03-12 05:40:59.123000+00:00
pudgy-penguins,PENGU,Pudgy Penguins,0.00697183,438247622,106,83466615.0,0.00721771,0.00691157,0.35386,62860396090.0,2026-03-12 05:41:07.461000+00:00
ether-fi,ETHFI,Ether.fi,0.562081,417862618,107,28497644.0,0.58274,0.561451,-2.95671,744064067.0,2026-03-12 05:41:03.170000+00:00
janus-henderson-anemoy-aaa-clo-fund,JAAA,Janus Henderson Anemoy AAA CLO Fund,1.025,417589929,108,0.0,1.026,1.025,-0.06666,407241514.992976,2026-03-12 05:40:15.146000+00:00
sei-network,SEI,Sei,0.061997,417562941,109,53035304.0,0.063808,0.061894,-0.58198,6733333333.0,2026-03-12 05:41:08.180000+00:00
siren-2,SIREN,Siren,0.563246,410712742,110,26609835.0,0.571133,0.48624,15.18707,728213818.7162906,2026-03-12 05:41:08.223000+00:00
dash,DASH,Dash,31.96,403407088,111,37651381.0,32.72,31.75,0.19003,12621483.15550758,2026-03-12 05:41:02.762000+00:00
layerzero,ZRO,LayerZero,1.98,401891564,112,67598627.0,2.16,1.98,-1.24647,202629028.12286997,2026-03-12 05:41:05.164000+00:00
chiliz,CHZ,Chiliz,0.03778503,390250527,113,33853235.0,0.03889803,0.03778769,-0.2375,10324214256.0,2026-03-12 05:41:01.934000+00:00
kinesis-gold,KAU,Kinesis Gold,163.39,389878967,114,96108.0,167.66,163.39,-2.41742,2386227.8342,2026-03-12 05:41:04.852000+00:00
tezos,XTZ,Tezos,0.360652,388838240,115,9639055.0,0.369584,0.359918,-1.0586,1078154098.66982,2026-03-12 05:40:58.189000+00:00
first-digital-usd,FDUSD,First Digital USD,0.99973,374748812,116,146342513.0,1.001,0.999472,-0.00105,374833676.634228,2026-03-12 05:41:03.354000+00:00
usx,USX,USX,0.999758,365545366,117,19248094.0,0.999981,0.999465,0.01214,365633889.18045,2026-03-12 05:40:58.633000+00:00
pippin,PIPPIN,pippin,0.355396,355151603,118,35116103.0,0.41754,0.326257,-9.08813,999937222.91169,2026-03-12 05:41:07.122000+00:00
fetch-ai,FET,Artificial Superintelligence Alliance,0.15686,354149609,119,69500742.0,0.163447,0.154967,0.21561,2260357650.9515705,2026-03-12 05:41:03.331000+00:00
curve-dao-token,CRV,Curve DAO,0.23063,342398761,120,41704456.0,0.243991,0.230377,-2.57769,1485327808.0,2026-03-12 05:41:05.763000+00:00
gnosis,GNO,Gnosis,126.89,334943851,121,3187940.0,129.25,125.03,0.93149,2639589.0,2026-03-12 05:41:03.793000+00:00
apenft,NFT,AINFT,3.34129e-07,330957878,122,14040448.0,3.36572e-07,3.32775e-07,-0.01104,990105667256391.5,2026-03-12 05:41:00.400000+00:00
adi-token,ADI,ADI,3.36,326999873,123,400595.0,3.37,3.34,0.18487,97364999.92,2026-03-12 05:40:59.914000+00:00
river,RIVER,River,16.55,324329260,124,43111310.0,17.08,13.8,12.40706,19600000.0,2026-03-12 05:41:07.844000+00:00
bittorrent,BTT,BitTorrent,3.2619e-07,321952580,125,8636054.0,3.30765e-07,3.25786e-07,-0.18027,987037885840674.8,2026-03-12 05:41:01.263000+00:00
usdai,USDAI,USDai,0.999854,320238093,126,1801104.0,1.0,0.99966,-0.0024,320284941.5032955,2026-03-12 05:40:58.557000+00:00
hastra-prime,PRIME,PRIME,1.024,318050416,127,851929.0,1.5,1.023,-0.09632,310698115.160262,2026-03-12 05:41:03.982000+00:00
kaia,KAIA,Kaia,0.054359,318029213,128,7180869.0,0.055692,0.054295,-1.01731,5856641747.106198,2026-03-12 05:41:04.796000+00:00
sun-token,SUN,Sun Token,0.01609798,309310304,129,22767605.0,0.01612911,0.01581804,1.76975,19219141445.49119,2026-03-12 05:40:57.733000+00:00
aerodrome-finance,AERO,Aerodrome Finance,0.331612,305898083,130,14498141.0,0.348585,0.330873,0.22341,922758414.0144298,2026-03-12 05:41:00.075000+00:00
injective-protocol,INJ,Injective,2.96,296423904,131,39343390.0,3.02,2.9,2.01611,100000000.0,2026-03-12 05:41:04.545000+00:00
bitcoin-cash-sv,BSV,Bitcoin SV,14.72,293595784,132,20740726.0,16.26,14.59,-7.60623,19999943.75,2026-03-12 05:41:01.148000+00:00
celestia,TIA,Celestia,0.326407,290533902,133,32633023.0,0.34205,0.323535,0.59242,890651237.042043,2026-03-12 05:41:01.811000+00:00
jasmycoin,JASMY,JasmyCoin,0.005691,281360977,134,12423600.0,0.00578306,0.00558625,0.16132,49444999677.59027,2026-03-12 05:41:04.727000+00:00
spx6900,SPX,SPX6900,0.30167,280830519,135,7497825.0,0.311437,0.296607,1.12169,930993080.908372,2026-03-12 05:41:08.555000+00:00
floki,FLOKI,FLOKI,2.893e-05,279225972,136,25570878.0,2.986e-05,2.867e-05,0.43097,9654608767085.0,2026-03-12 05:41:03.420000+00:00
story-2,IP,Story,0.784011,275394885,137,40158103.0,0.784233,0.774779,0.54913,351490347.49,2026-03-12 05:41:04.947000+00:00
frax,FRAX,Legacy Frax Dollar,0.992323,273805498,138,999951.0,0.993944,0.991054,-0.01556,275935184.0102677,2026-03-12 05:41:03.477000+00:00
the-graph,GRT,The Graph,0.02536001,272244400,139,13880392.0,0.02614915,0.02486345,1.72045,10739501694.41805,2026-03-12 05:40:58.237000+00:00
iota,IOTA,IOTA,0.062542,269387128,140,9195284.0,0.06441,0.062458,-2.03173,4307397334.0,2026-03-12 05:41:04.562000+00:00
doublezero,2Z,DoubleZero,0.077162,267770237,141,7209304.0,0.078632,0.075559,1.13329,3471417500.0,2026-03-12 05:41:02.757000+00:00
syrup,SYRUP,Maple Finance,0.23125,267399461,142,8270019.0,0.234492,0.222142,3.14372,1157190702.5885315,2026-03-12 05:40:57.931000+00:00
conflux-token,CFX,Conflux,0.051439,266676738,143,10039397.0,0.052354,0.04974716,3.34496,5189835932.13,2026-03-12 05:41:02.155000+00:00
olympus,OHM,Olympus,17.02,266237407,144,144841.0,17.36,16.97,-0.75664,15645551.38895166,2026-03-12 05:41:06.464000+00:00
crvusd,CRVUSD,crvUSD,0.999494,265044961,145,14677922.0,1.005,0.98636,0.1933,265379617.2681191,2026-03-12 05:41:02.398000+00:00
pyth-network,PYTH,Pyth Network,0.0460448,264880416,146,11408928.0,0.04725589,0.04548267,1.06906,5749982330.254801,2026-03-12 05:41:07.470000+00:00
lighter,LIT,Lighter,1.047,261846558,147,27366848.0,1.077,1.003,4.0628,250000000.0,2026-03-12 05:41:05.099000+00:00
btse-token,BTSE,BTSE Token,1.6,259993165,148,12291556.0,1.61,1.58,1.48296,162061501.0,2026-03-12 05:41:01.527000+00:00
venice-token,VVV,Venice Token,5.7,253376284,149,15710510.0,5.97,5.18,9.37025,44629257.58691847,2026-03-12 05:40:58.844000+00:00
optimism,OP,Optimism,0.118284,250583370,150,49524193.0,0.122161,0.117347,0.76744,2117847344.0,2026-03-12 05:41:06.815000+00:00
lombard-protocol,BARD,Lombard,1.11,249854787,151,23026309.0,1.12,1.073,-0.8652,225000000.0,2026-03-12 05:41:05.255000+00:00
lido-dao,LDO,Lido DAO,0.291878,247722907,152,21289240.0,0.302409,0.287311,0.98529,849264458.5927889,2026-03-12 05:41:05.220000+00:00
humanity,H,Humanity,0.133498,243344311,153,23474809.0,0.140077,0.127393,3.68444,1825000000.0,2026-03-12 05:41:04.201000+00:00
telcoin,TEL,Telcoin,0.00253406,240931035,154,1290506.0,0.00265061,0.00253148,-2.75163,95077236366.71,2026-03-12 05:40:57.984000+00:00
monad,MON,Monad,0.02140504,231628237,155,35644445.0,0.02167321,0.02097172,0.96524,10830583396.0,2026-03-12 05:41:05.958000+00:00
undeads-games,UDS,Undeads Games,1.84,229541386,156,307068.0,1.85,1.82,0.28817,124549116.875,2026-03-12 05:41:02.822000+00:00
ape-and-pepe,APEPE,Ape and Pepe,1.09e-06,229279815,157,21674953.0,1.11e-06,1.08e-06,-1.06821,210000000000000.0,2026-03-12 05:41:03.908000+00:00
terra-luna,LUNC,Terra Luna Classic,4.171e-05,228012255,158,9199891.0,4.22e-05,4.107e-05,-0.87729,5465052996136.889,2026-03-12 05:40:58.040000+00:00
nusd-2,NUSD,Neutrl USD,0.99914,226951199,159,2598019.0,1.005,0.995758,0.21691,227175485.1605873,2026-03-12 05:41:06.398000+00:00
ethereum-name-service,ENS,Ethereum Name Service,5.89,225351466,160,14878185.0,6.09,5.89,-0.44617,38269701.03099827,2026-03-12 05:41:03.149000+00:00
plasma,XPL,Plasma,0.099579,223518799,161,75684771.0,0.102571,0.096882,1.52972,2244444444.4444,2026-03-12 05:41:07.095000+00:00
usda-2,USDA,USDa,0.984174,217205315,162,1.55,0.984226,0.982151,0.20596,220698072.3710279,2026-03-11 18:13:06.475000+00:00
starknet,STRK,Starknet,0.03951828,216729458,163,21030487.0,0.04041758,0.03948062,-0.13261,5488301918.348971,2026-03-12 05:41:08.762000+00:00
agora-dollar,AUSD,AUSD,1.0,216453218,164,35871657.0,1.001,0.99903,0.05812,216456853.0,2026-03-12 05:41:00.083000+00:00
the-sandbox,SAND,The Sandbox,0.080864,215599016,165,18984264.0,0.084111,0.080382,0.53131,2667289212.2233224,2026-03-12 05:40:58.243000+00:00
helium,HNT,Helium,1.14,212627847,166,7775194.0,1.28,1.14,-9.00624,186321438.090597,2026-03-12 05:41:04.068000+00:00
newton-project,AB,AB,0.00214886,212358234,167,4508328.0,0.00217369,0.00214612,-0.51079,98823661261.46,2026-03-12 05:41:06.229000+00:00
pendle,PENDLE,Pendle,1.28,211692976,168,21362480.0,1.3,1.25,2.43664,165530401.3446362,2026-03-12 05:41:07.080000+00:00
blockchain-capital,BCAP,Blockchain Capital,22.87,208393979,169,0.0,22.87,22.87,0.0,9112111.0,2026-03-12 05:40:07.171000+00:00
spiko-us-t-bills-money-market-fund,USTBL,Spiko US T-Bills Money Market Fund,1.077,205526088,170,49.95,1.077,1.077,0.00762,190860021.88521,2026-03-12 05:40:03.783000+00:00
trust-wallet-token,TWT,Trust Wallet,0.491239,204561846,171,7715544.0,0.498181,0.485659,0.48446,416649900.0,2026-03-12 05:40:58.476000+00:00
dexe,DEXE,DeXe,4.3,201692294,172,7484500.0,4.38,4.18,2.97323,46752636.689831376,2026-03-12 05:41:02.641000+00:00
convex-finance,CVX,Convex Finance,2.13,195632347,173,8651857.0,2.24,2.13,-4.05399,91758226.73956148,2026-03-12 05:41:02.176000+00:00
zebec-network,ZBCN,Zebec Network,0.00198993,194890696,174,4989454.0,0.00204486,0.00198481,-0.62269,97951717939.67068,2026-03-12 05:40:59.691000+00:00
the9bit,9BIT,The9bit,0.02332482,191361805,175,5217867.0,0.02331939,0.02315916,0.32415,8199997214.895939,2026-03-12 05:40:58.094000+00:00
swissborg,BORG,SwissBorg,0.19363,190115610,176,269946.0,0.20237,0.192353,-1.02765,981852443.4419999,2026-03-12 05:40:57.819000+00:00
tradable-na-rent-financing-platform-sstn,PC0000031,Tradable NA Rent Financing Platform SSTN,1.0,189500000,177,0.0,1.0,1.0,0.0,189500000.0,2026-03-12 05:40:07.065000+00:00
grass,GRASS,Grass,0.342981,187189193,178,15066768.0,0.366808,0.343215,-4.33325,542203969.0,2026-03-12 05:41:03.840000+00:00
axie-infinity,AXS,Axie Infinity,1.099,185904566,179,39558817.0,1.18,1.098,-0.85631,169367724.4424383,2026-03-12 05:41:00.895000+00:00
chain-2,XCN,Onyxcoin,0.00492582,184539119,180,11154005.0,0.00516069,0.00479029,1.41819,37448778197.88674,2026-03-12 05:41:01.879000+00:00
vision-3,VSN,Vision,0.051134,184494991,181,12226914.0,0.051984,0.051047,-1.63493,3597913594.8665986,2026-03-12 05:40:58.844000+00:00
wefi,WFI,WeFi,2.23,180754619,182,3028193.0,2.26,2.17,-0.40485,81156770.04409224,2026-03-12 05:41:04.775000+00:00
theta-token,THETA,Theta Network,0.179598,179597970,183,5427583.0,0.187282,0.178417,0.30288,1000000000.0,2026-03-12 05:40:58.285000+00:00
neo,NEO,NEO,2.54,179177995,184,7714709.0,2.61,2.51,1.15875,70530000.0,2026-03-12 05:41:06.190000+00:00
flying-tulip,FT,Flying Tulip,0.097785,178439930,185,139063.0,0.099189,0.097027,-0.81119,1826140775.820275,2026-03-12 05:41:03.339000+00:00
reallink,REAL,RealLink,0.05666,178266651,186,4625732.0,0.058071,0.055853,0.37347,3150178975.0,2026-03-12 05:41:07.630000+00:00
fidelity-digital-interest-token,FDIT,Fidelity Digital Interest Token,1.0,177970494,187,0.0,1.0,1.0,0.0,177970494.48,2026-03-12 05:40:08.505000+00:00
build-on,B,BUILDon,0.175681,175682720,188,5318006.0,0.200985,0.171332,-12.58966,1000000000.0,2026-03-12 05:41:01.559000+00:00
decentraland,MANA,Decentraland,0.089947,174068150,191,14308024.0,0.093675,0.089817,-0.29061,1935230586.3057714,2026-03-12 05:41:02.515000+00:00
walrus-2,WAL,Walrus,0.077513,173913335,189,8029400.0,0.079036,0.074932,3.1669,2242500000.0,2026-03-12 05:40:59.018000+00:00
zksync,ZK,ZKsync,0.01880658,173617160,190,11794154.0,0.0192092,0.01867865,-1.15959,9218641411.0,2026-03-12 05:41:00.614000+00:00
falcon-finance-ff,FF,Falcon Finance,0.073397,171737120,192,65254366.0,0.074259,0.073157,-1.16032,2340000000.0,2026-03-12 05:41:03.226000+00:00
ultima,ULTIMA,Ultima,4545.28,171697295,193,6182899.0,4828.48,4383.98,-5.50127,37772.135734,2026-03-12 05:40:58.628000+00:00
infinifi-usd,IUSD,InfiniFi USD,0.999859,171312519,194,29941.0,1.004,0.998162,-0.07033,171370901.0924466,2026-03-12 05:41:04.356000+00:00
instadapp,FLUID,Fluid,2.17,170728539,195,2567806.0,2.23,2.15,0.98836,78532543.82034639,2026-03-12 05:41:04.502000+00:00
compound-governance-token,COMP,Compound,17.59,170320129,196,108522102.0,19.37,16.76,4.84344,9668189.278360886,2026-03-12 05:41:02.240000+00:00
mx-token,MX,MX,1.79,164535736,197,4805529.0,1.8,1.79,-0.09251,91837334.0,2026-03-12 05:41:06.182000+00:00
dogwifcoin,WIF,dogwifhat,0.164457,164260642,198,80715339.0,0.171876,0.162685,0.99709,998926392.0,2026-03-12 05:41:02.803000+00:00
bnb48-club-token,KOGE,KOGE,48.0,162364651,199,14158453.0,48.43,47.61,-0.0165,3379998.56,2026-03-12 05:41:01.597000+00:00
raydium,RAY,Raydium,0.593459,159386522,200,19959992.0,0.606925,0.587791,-0.35483,268700018.217795,2026-03-12 05:41:07.791000+00:00
gala,GALA,GALA,0.0033364,158255052,201,26978967.0,0.00351866,0.00329246,1.05988,47433525208.0544,2026-03-12 05:41:03.685000+00:00
satoshi-stablecoin,SATUSD,Satoshi Stablecoin,0.990373,157722939,202,261.32,0.995369,0.990371,-0.45238,159255662.7935063,2026-03-12 05:41:07.949000+00:00
sentient,SENT,Sentient,0.02160429,156365598,203,15906352.0,0.02310275,0.02148197,-6.14867,7237882055.0,2026-03-12 05:41:08.093000+00:00
sonic-3,S,Sonic,0.04122667,155555701,204,16288293.0,0.04258384,0.04106805,-0.23978,3784775845.0,2026-03-12 05:41:08.413000+00:00
ribbita-by-virtuals,TIBBIR,Ribbita by Virtuals,0.153721,154266378,205,6883825.0,0.162779,0.153467,-3.8818,999904783.797368,2026-03-12 05:41:07.778000+00:00
stasis-eurs,EURS,STASIS EURO,1.23,152875378,206,62391.0,1.24,1.2,-0.27702,124125940.0,2026-03-12 05:40:57.476000+00:00
gusd,GUSD,GUSD,1.001,149897940,207,939749.0,1.006,0.988734,0.88227,149790000.0,2026-03-12 05:41:03.881000+00:00
fartcoin,FARTCOIN,Fartcoin,0.14961,149529751,208,30558424.0,0.157861,0.149319,-2.15164,999978989.197226,2026-03-12 05:41:03.285000+00:00
thorchain,RUNE,THORChain,0.424707,149090210,209,49548493.0,0.435323,0.422,0.22646,351125847.0,2026-03-12 05:40:58.270000+00:00
basic-attention-token,BAT,Basic Attention,0.0963,144037782,210,10505830.0,0.098724,0.095652,0.53366,1495724656.9526057,2026-03-12 05:41:00.999000+00:00
origintrail,TRAC,OriginTrail,0.31467,140743735,211,6020911.0,0.315971,0.30824,1.82715,447274118.0,2026-03-12 05:41:06.682000+00:00
immutable-x,IMX,Immutable,0.162349,138495992,212,16951639.0,0.167779,0.156094,3.7585,853472049.1198142,2026-03-12 05:41:04.445000+00:00
ecash,XEC,eCash,6.9e-06,138054141,213,4038818.0,7.13e-06,6.9e-06,-1.79299,19999773422580.0,2026-03-12 05:41:02.838000+00:00
safepal,SFP,SafePal,0.274279,137018063,214,3356932.0,0.279433,0.264932,0.01656,500000000.0,2026-03-12 05:41:07.915000+00:00
astherus-usdf,USDF,Aster USDF,0.999007,134080471,215,153101.0,1.0,0.996537,0.07314,134213121.7237519,2026-03-12 05:41:00.591000+00:00
wemix-token,WEMIX,WEMIX,0.289022,133488360,216,1329027.0,0.292596,0.283405,0.33253,462277841.3255647,2026-03-12 05:40:59.010000+00:00
seeker,SKR,Seeker,0.02246779,133254055,217,8891577.0,0.02380632,0.02231725,-4.91605,5934539326.859499,2026-03-12 05:41:08.082000+00:00
1inch,1INCH,1INCH,0.094586,132760073,218,11156011.0,0.096437,0.093293,1.31061,1404340179.661079,2026-03-12 05:40:59.959000+00:00
theo-short-duration-us-treasury-fund,THBILL,Theo Short Duration US Treasury Fund,1.017,131938661,219,728879.0,1.018,1.016,-0.11474,129713301.738355,2026-03-12 05:40:58.143000+00:00
berachain-bera,BERA,Berachain,0.574381,131362369,220,46955946.0,0.610315,0.540358,6.13003,228968264.5497424,2026-03-12 05:41:00.958000+00:00
apollo-diversified-credit-securitize-fund,ACRED,Apollo Diversified Credit Securitize Fund,1096.02,131201909,221,0.0,1096.5,1094.05,0.07247,119704.911677,2026-03-12 05:40:04.605000+00:00
cow-protocol,COW,CoW Protocol,0.233592,131116498,222,5619182.0,0.244846,0.230473,0.16806,561264593.8156874,2026-03-12 05:41:02.317000+00:00
onyc,ONYC,Onchain Yield Coin,1.084,129931856,223,1041625.0,1.084,1.083,-0.00169,119879649.1233618,2026-03-12 05:41:06.531000+00:00
golem,GLM,Golem,0.125855,125858337,224,5273182.0,0.127832,0.125001,-0.25209,1000000000.0,2026-03-12 05:41:03.796000+00:00
quantum-resistant-ledger,QRL,Quantum Resistant Ledger,1.58,123926242,225,88410.0,1.64,1.4,11.75055,78392960.0,2026-03-12 05:41:07.413000+00:00
ozone-chain,OZO,Ozone Chain,0.129618,122763296,226,242921.0,0.132202,0.129419,-0.97192,947649982.0,2026-03-12 05:41:06.756000+00:00
zero-gravity,0G,0G,0.573626,122434828,228,13887654.0,0.589378,0.5535,2.2807,213199722.0,2026-03-12 05:40:59.781000+00:00
vaulta,A,Vaulta,0.075235,122434359,227,13080395.0,0.077773,0.075165,-0.97096,1628048318.564,2026-03-12 05:40:58.789000+00:00
cash-4,CASH,CASH,0.999901,122408213,229,7589990.0,1.0,0.999805,-0.01911,122420290.544186,2026-03-12 05:41:01.650000+00:00
elrond-erd-2,EGLD,MultiversX,4.09,120791258,230,5715697.0,4.21,4.05,0.92507,29498316.0,2026-03-12 05:41:02.954000+00:00
pleasing-usd,PUSD,Pleasing USD,1.004,120462891,231,0.0,1.004,1.004,0.0,120000000.0,2026-03-12 05:41:07.057000+00:00
jito-governance-token,JTO,Jito,0.26976,120408413,232,11142020.0,0.276237,0.256814,5.04098,446451573.1,2026-03-12 05:41:04.746000+00:00
akash-network,AKT,Akash Network,0.414867,120255568,233,9366484.0,0.445735,0.413768,-3.34372,289254334.040396,2026-03-12 05:41:00.176000+00:00
gmt-token,GOMINING,GoMining Token,0.295839,119956488,234,11928020.0,0.298389,0.289323,-0.76401,405339568.1503967,2026-03-12 05:41:03.728000+00:00
eigenlayer,EIGEN,EigenCloud (prev. EigenLayer),0.184615,119011375,235,17018707.0,0.189754,0.184283,-0.0857,644781912.5508034,2026-03-12 05:41:03.129000+00:00
avant-usd,AVUSD,Avant USD,0.999501,118904830,236,111279.0,1.0,0.998757,0.01612,118964176.7946541,2026-03-12 05:41:00.748000+00:00
frax-usd,FRXUSD,Frax USD,0.999747,117516663,237,2344827.0,1.001,0.99894,-0.02947,117546307.0731115,2026-03-12 05:41:03.432000+00:00
rollbit-coin,RLB,Rollbit Coin,0.067762,117469363,238,125498.0,0.068212,0.066771,0.76304,1734353273.430706,2026-03-12 05:41:07.857000+00:00
mimblewimblecoin,MWC,MimbleWimbleCoin,10.65,117166019,239,97150.0,11.23,8.73,-3.23015,11002604.41778802,2026-03-12 05:41:05.793000+00:00
comedian,BAN,Comedian,0.117228,117126737,240,6062758.0,0.117852,0.111258,2.37855,999961859.27,2026-03-12 05:41:02.087000+00:00
amp-token,AMP,Amp,0.00138937,117067972,241,4213804.0,0.00140098,0.00138319,0.06703,84282159715.68228,2026-03-12 05:41:00.425000+00:00
arweave,AR,Arweave,1.75,115053695,242,44105034.0,1.83,1.62,8.22155,65652466.0,2026-03-12 05:41:00.582000+00:00
re-protocol-reusd,REUSD,Re Protocol reUSD,1.065,114699110,243,202528.0,1.069,1.063,0.0106,107709888.9111271,2026-03-12 05:41:07.687000+00:00
exod,EXOD,EXOD,10.79,112712340,244,0.0,10.79,10.79,0.0,10446000.0,2026-03-12 05:35:04.748000+00:00
bitmart-token,BMX,BitMart,0.329633,111891171,245,9440077.0,0.339694,0.329302,-2.87204,339412030.0,2026-03-12 05:41:01.171000+00:00
livepeer,LPT,Livepeer,2.25,111652681,246,6911038.0,2.29,2.24,-0.18652,49688954.55058027,2026-03-12 05:41:05.230000+00:00
cap-usd,CUSD,Cap USD,0.968829,110033182,247,180713.0,1.004,0.964152,-0.28328,113579120.9850545,2026-03-12 05:41:01.634000+00:00
havven,SNX,Synthetix,0.314358,108301556,248,12371652.0,0.320214,0.306308,1.71293,344516234.4572882,2026-03-12 05:41:04.112000+00:00
sosovalue,SOSO,SoSoValue,0.347045,108276017,249,3477813.0,0.357208,0.345386,-2.28206,312001548.0,2026-03-12 05:41:08.387000+00:00
tokenize-xchange,TKX,Tokenize Xchange,1.35,108038926,250,2967.04,1.37,1.34,0.32412,79995997.76037452,2026-03-12 05:40:58.237000+00:00
resolv-usr,USR,Resolv USR,1.0,107523390,251,600214.0,1.001,0.998907,0.03785,107545164.6756704,2026-03-12 05:41:07.758000+00:00
precious-metals-usd,PMUSD,Precious Metals USD,0.978135,107285512,252,776498.0,0.995557,0.973418,-0.04439,109701203.6222222,2026-03-12 05:41:07.216000+00:00
aethir,ATH,Aethir,0.00583286,107082684,253,11949340.0,0.00607444,0.00569168,-0.05729,18367688543.0,2026-03-12 05:41:00.033000+00:00
beam-2,BEAM,Beam,0.0020853,106969579,254,19518493.0,0.00216586,0.00198112,4.61761,51300184687.0,2026-03-12 05:41:00.971000+00:00
keeta,KTA,Keeta,0.211075,106259231,255,3492530.0,0.222371,0.205368,2.30469,503488433.209272,2026-03-12 05:41:04.808000+00:00
loaded-lions,LION,Loaded Lions,0.0034426,106177529,256,806033.0,0.00358991,0.00343472,-3.35521,30642643274.0,2026-03-12 05:41:05.203000+00:00
securitize-tokenized-aaa-clo-fund,STAC,Securitize Tokenized AAA CLO Fund,1007.25,105862152,257,0.0,1008.13,1006.44,-0.03002,105099.694673,2026-03-12 05:25:05.663000+00:00
four,FORM,Four,0.275413,105070845,258,6031758.0,0.278766,0.263063,3.08951,381867255.14,2026-03-12 05:41:04.304000+00:00
melania-meme,MELANIA,Melania Meme,0.109041,103810219,259,11741129.0,0.109027,0.10604,2.06594,952496375.911841,2026-03-12 05:41:05.633000+00:00
qubic-network,QUBIC,Qubic,7.52475e-07,102009696,260,4564321.0,9.25398e-07,7.44258e-07,-7.76857,135518832167929.0,2026-03-12 05:41:07.434000+00:00
reserve-rights-token,RSR,Reserve Rights,0.00162482,101490101,261,6377236.0,0.00165438,0.00158297,2.35034,62553174091.0,2026-03-12 05:41:07.763000+00:00
tradable-singapore-fintech-ssl-2,PC0000023,Tradable Singapore Fintech SSL,1.0,100846154,263,0.0,1.0,1.0,0.0,100846154.0,2026-03-12 05:40:04.808000+00:00
circle-internet-group-ondo-tokenized-stock,CRCLON,Circle Internet Group (Ondo Tokenized Stock),112.38,100675234,264,20167816.0,122.33,110.55,-4.82731,895814.3182362164,2026-03-12 05:41:01.874000+00:00
standx-dusd,DUSD,StandX DUSD,0.999223,100612717,265,1728930.0,0.999453,0.994245,-0.0194,100690961.789569,2026-03-12 05:41:08.571000+00:00
ring-usd,USDR,Ring USD,0.999346,100302794,266,14181.24,1.003,0.996053,0.01369,100400000.0,2026-03-12 05:41:07.784000+00:00
pleasing-gold,PGOLD,Pleasing Gold,5120.22,99837011,267,64.02,5206.99,5103.47,-0.94907,19505.0,2026-03-12 05:41:06.730000+00:00
gas,GAS,Gas,1.53,99750323,269,3434155.0,1.59,1.53,-2.43295,65093580.54427269,2026-03-12 05:41:03.570000+00:00
stp-network,AWE,AWE Network,0.051215,99680674,268,2906689.0,0.052247,0.050633,-0.41866,1942420283.0270672,2026-03-12 05:41:08.726000+00:00
mnee-usd-stablecoin,MNEE,MNEE USD Stablecoin,1.0,99265052,270,144210.0,1.001,0.9986,-0.05997,99334580.2323,2026-03-12 05:41:05.879000+00:00
city-boy,CITYBOY,City Boy,0.099158,99158410,262,1177004.0,0.121359,0.08834,1.41188,999999999.999999,2026-03-12 05:40:06.608000+00:00
pieverse,PIEVERSE,Pieverse,0.483794,99137015,271,4632897.0,0.487757,0.462219,2.33143,205000000.0,2026-03-12 05:41:07.008000+00:00
midas-mf-one,MF-ONE,Midas mF-ONE,1.065,98722344,272,0.0,1.066,1.063,0.04643,92696251.53903103,2026-03-12 05:40:03.789000+00:00
cheems-token,CHEEMS,Cheems Token,4.83478e-07,98462282,273,1258744.0,5.02592e-07,4.71164e-07,-1.18977,203672952113698.72,2026-03-12 05:41:07.270000+00:00
wormhole,W,Wormhole,0.01775761,98195321,274,17240988.0,0.01865727,0.01773674,-1.67825,5531700366.0,2026-03-12 05:41:10.306000+00:00
zano,ZANO,Zano,6.41,97339424,275,1561539.0,6.53,5.63,11.57036,15193662.96,2026-03-12 05:40:59.697000+00:00
nxm,NXM,Nexus Mutual,52.61,97331485,276,0.0,53.94,52.34,0.36717,1853911.833573877,2026-03-12 05:40:08.830000+00:00
xdai,XDAI,XDAI,0.999715,97014974,277,887612.0,1.0,0.999616,-0.01965,97042384.21519087,2026-03-12 05:40:59.532000+00:00
societe-generale-forge-eurcv,EURCV,EUR CoinVertible,1.15,96851225,278,11823764.0,1.16,1.15,-0.70108,83949021.68,2026-03-12 05:41:08.226000+00:00
derive,DRV,Derive,0.096403,96087798,279,2463679.0,0.097446,0.059818,34.11,999986768.0010409,2026-03-12 05:41:02.609000+00:00
grx-chain,GRX,GRX Chain,10.06,95663444,281,22896269.0,11.16,9.8,0.38905,9512465.0,2026-03-12 05:41:03.840000+00:00
zencash,ZEN,Horizen,5.35,95655869,280,8771097.0,5.48,5.33,-0.04559,17872490.73116476,2026-03-12 05:40:59.729000+00:00
ethgas-2,GWEI,ETHGas,0.054118,94705903,282,27091405.0,0.057547,0.04967093,6.26407,1750000000.0,2026-03-12 05:41:03.158000+00:00
shuffle-2,SHFL,Shuffle,0.242299,94261723,283,750985.0,0.24829,0.23173,-1.91183,392026032.1712092,2026-03-12 05:41:08.097000+00:00
qtum,QTUM,Qtum,0.881417,93413891,284,4845359.0,0.899659,0.877444,-0.57853,105981438.25,2026-03-12 05:41:07.454000+00:00
theta-fuel,TFUEL,Theta Fuel,0.01288211,93399928,285,1874142.0,0.01313926,0.01284977,-0.96444,7257399075.0,2026-03-12 05:41:09.349000+00:00
apecoin,APE,ApeCoin,0.093895,92474844,286,16469265.0,0.097616,0.093248,0.56811,985156250.0,2026-03-12 05:41:00.524000+00:00
oasis-network,ROSE,Oasis,0.0119494,90182703,287,4810613.0,0.01211946,0.01166297,2.32025,7549638423.0,2026-03-12 05:41:06.432000+00:00
yearn-finance,YFI,yearn.finance,2511.64,89733021,288,6686731.0,2547.41,2497.78,0.09956,35742.54399985384,2026-03-12 05:40:59.646000+00:00
flow,FLOW,Flow,0.054438,89670255,289,60280757.0,0.06631,0.05307,-15.99913,1648000577.808296,2026-03-12 05:41:03.338000+00:00
usda-3,USDA,USDA,0.999618,89456131,290,1226542.0,1.001,0.974263,0.12872,89423564.5231979,2026-03-12 05:41:09.697000+00:00
anzen-usdz,USDZ,Anzen USDz,0.995833,89365544,291,7343.96,0.996648,0.990428,0.33774,89739500.232533,2026-03-12 05:41:00.356000+00:00
robo-token-2,ROBO,Fabric Protocol,0.03978711,88788175,292,46612249.0,0.04450151,0.03918057,-10.59379,2231000000.0,2026-03-12 05:41:07.813000+00:00
brz,BRZ,Brazilian Digital,0.191286,88679528,293,138881.0,0.191849,0.188812,0.58485,463606436.9824047,2026-03-12 05:41:01.524000+00:00
fogo,FOGO,Fogo,0.02331628,88380956,294,7318585.0,0.02361239,0.0227505,-0.11929,3787638270.176798,2026-03-12 05:41:03.346000+00:00
0x,ZRX,0x Protocol,0.103444,87761311,295,10139253.0,0.106893,0.103482,-2.32936,848396562.906836,2026-03-12 05:40:59.868000+00:00
ravencoin,RVN,Ravencoin,0.00543802,87703835,296,4675704.0,0.0055864,0.00538319,0.7379,16127897421.74731,2026-03-12 05:41:07.611000+00:00
dola-usd,DOLA,DOLA,0.994613,87092703,297,906796.0,0.995719,0.994116,-0.06056,87564238.7563465,2026-03-12 05:41:02.929000+00:00
toshi,TOSHI,Toshi,0.00020578,86660254,298,8302747.0,0.0002119,0.00020594,-1.21186,420690000000.0,2026-03-12 05:41:09.509000+00:00
kaito,KAITO,KAITO,0.357915,86535708,299,12699250.0,0.358791,0.343845,2.89119,241388889.0,2026-03-12 05:41:04.792000+00:00
coredaoorg,CORE,Core,0.079539,85429193,300,3163970.0,0.081157,0.079473,-0.47754,1074899637.01136,2026-03-12 05:41:02.148000+00:00
jusd,JUSD,JUSD,1.0,85221659,301,132949.0,1.0,0.999882,-0.01719,85214580.0614092,2026-03-12 05:41:04.728000+00:00
chutes,SN64,Chutes,18.45,84498272,302,1715869.0,18.71,17.9,1.19792,4580854.273702731,2026-03-12 05:41:01.845000+00:00
vicicoin,VCNT,ViciCoin,17.4,84448583,303,450279.0,17.44,17.31,-0.11817,4849464.954203098,2026-03-12 05:41:09.977000+00:00
verge,XVG,Verge,0.00506952,83758356,304,1754534.0,0.00522374,0.00505879,-0.19056,16521951235.74134,2026-03-12 05:41:10.135000+00:00
luxxcoin,LUX,Luxxcoin,0.00083541,83567850,306,523427.0,0.00086013,0.00082981,0.05791,100000000000.0,2026-03-12 05:41:05.644000+00:00
impossible-cloud-network-token,ICNT,Impossible Cloud Network Token,0.330343,83529120,307,2941376.0,0.342218,0.325289,-3.40685,253006129.72647312,2026-03-12 05:41:04.364000+00:00
mag7-ssi,MAG7.SSI,MAG7.ssi,0.491207,83074942,308,1539294.0,0.504132,0.489863,-0.60015,169135919.2566094,2026-03-12 05:41:05.312000+00:00
edu-coin,EDU,Open Campus,0.098945,82782511,309,2473119.0,0.100262,0.097075,1.66849,836375099.0,2026-03-12 05:41:02.909000+00:00
cysic,CYS,Cysic,0.513482,82567825,305,24244013.0,0.525108,0.420235,5.24665,160800000.0,2026-03-12 05:41:02.495000+00:00
swop-2,SWOP,Swop,0.00821589,82158924,310,1.98,0.00838435,0.00821581,-0.01121,9999998190.509241,2026-03-12 05:41:08.960000+00:00
matrixdock-gold,XAUM,Matrixdock Gold,5105.38,82050247,311,236045.0,5172.87,5090.8,-1.08466,16074.0,2026-03-12 05:41:06.670000+00:00
zilliqa,ZIL,Zilliqa,0.00411053,81984527,312,7501193.0,0.0042068,0.00409491,-0.39129,19944995876.97561,2026-03-12 05:40:59.832000+00:00
ini,INI,INI,0.107522,81809646,313,846969.0,0.108351,0.105437,-0.45975,760861897.8380204,2026-03-12 05:41:04.412000+00:00
aioz-network,AIOZ,AIOZ Network,0.065963,81787948,314,2867951.0,0.066526,0.064066,1.3421,1240390860.394986,2026-03-12 05:41:00.164000+00:00
meteora,MET,Meteora,0.159475,80769923,315,8291245.0,0.162836,0.157921,0.91812,506624505.898703,2026-03-12 05:41:05.694000+00:00
creditcoin-2,CTC,Creditcoin,0.153599,80715070,316,2418235.0,0.157243,0.153326,-0.25592,525658812.0,2026-03-12 05:41:02.213000+00:00
usdu,USDU,USDu,1.0,80513869,317,227812.0,1.001,0.99999,0.01861,80490235.5741297,2026-03-12 05:41:09.756000+00:00
deep,DEEP,DeepBook,0.03218858,80310432,318,14938420.0,0.03294252,0.02993375,6.99651,2500000000.0,2026-03-12 05:41:02.434000+00:00
kamino,KMNO,Kamino,0.01943315,79998298,319,6221463.0,0.01943135,0.01834004,1.86746,4123287883.75,2026-03-12 05:41:04.773000+00:00
meta-2-2,META,MetaDAO,3.52,79831323,320,977592.0,3.52,3.24,6.79705,22684699.023285,2026-03-12 05:41:05.598000+00:00
kusama,KSM,Kusama,4.46,79818457,321,4381755.0,4.62,4.46,-0.73013,17889831.28575075,2026-03-12 05:41:04.993000+00:00
sign-global,SIGN,Sign,0.04824257,79148496,322,30488224.0,0.052026,0.04824269,-7.17229,1640000000.0,2026-03-12 05:41:08.177000+00:00
unibase,UB,Unibase,0.03159512,78987281,323,6437764.0,0.03275579,0.03135176,-1.13584,2500000000.0,2026-03-12 05:41:09.571000+00:00
mantra-dao,OM,MANTRA [Old],0.01620857,77446135,324,89757.0,0.0174325,0.01594439,-6.76917,4778095827.356665,2026-03-12 05:41:05.428000+00:00
zora,ZORA,Zora,0.01731385,77388121,325,10957905.0,0.01747319,0.01702991,1.098,4469999998.0,2026-03-12 05:40:59.944000+00:00
mantra,MANTRA,MANTRA,0.01616587,77242065,326,19535789.0,0.01748377,0.01590549,-7.4113,4778095827.356665,2026-03-12 05:41:05.433000+00:00
linea,LINEA,Linea,0.00322912,76355754,327,20369365.0,0.00337913,0.00316405,1.26412,23643280050.0,2026-03-12 05:41:05.165000+00:00
dog-go-to-the-moon-rune,DOG,Dog (Bitcoin),0.00076358,76344614,328,1289768.0,0.00078361,0.00076203,-0.58786,100000000000.0,2026-03-12 05:41:02.697000+00:00
helio-protocol-hay,LISUSD,Lista USD,0.999016,76229344,329,77789.0,0.999431,0.998811,0.00173,76304681.08851828,2026-03-12 05:41:04.006000+00:00
ronin,RON,Ronin,0.098581,76016298,330,24817065.0,0.120282,0.093495,5.01256,769401679.4337813,2026-03-12 05:41:07.854000+00:00
coinex-token,CET,CoinEx,0.0299736,75988817,331,46398.0,0.0302009,0.02992834,-0.18394,2535191842.86,2026-03-12 05:41:01.996000+00:00
banana-for-scale-2,BANANAS31,Banana For Scale,0.0076063,75969014,332,30652704.0,0.00815751,0.00720758,4.75076,10000000000.0,2026-03-12 05:41:05.344000+00:00
home,HOME,HOME,0.02203404,75854459,333,6218258.0,0.02441475,0.0220041,-7.77334,3440833332.9,2026-03-12 05:41:04.189000+00:00
cygnus-finance-global-usd,CGUSD,Cygnus Finance Global USD,0.996736,74870659,334,26.39,0.996861,0.996665,-0.00323,75115838.562619,2026-03-12 05:41:02.281000+00:00
felix-feusd,FEUSD,Felix feUSD,0.99653,74807564,335,664678.0,1.005,0.991689,-0.28828,75004069.0,2026-03-12 05:41:03.238000+00:00
debridge,DBR,deBridge,0.01581852,74670412,336,3224669.0,0.01606624,0.01580647,-0.91662,4721552490.0,2026-03-12 05:41:02.412000+00:00
nervos-network,CKB,Nervos Network,0.00153785,74353753,337,4930846.0,0.00156535,0.00150883,0.21537,48372928024.74154,2026-03-12 05:41:06.271000+00:00
concordium,CCD,Concordium,0.00620719,74347339,338,585044.0,0.00620899,0.00509061,21.93411,11987385968.95662,2026-03-12 05:41:02.095000+00:00
digibyte,DGB,DigiByte,0.00406418,73918737,339,1657121.0,0.00409088,0.0040413,0.4028,18187854053.23141,2026-03-12 05:41:02.658000+00:00
baby-doge-coin,BABYDOGE,Baby Doge Coin,4.11153e-10,73800498,340,3085478.0,4.18532e-10,3.9858e-10,2.1503,1.796218003175155e+17,2026-03-12 05:41:00.830000+00:00
safe,SAFE,Safe,0.102904,73502969,341,2163820.0,0.10646,0.099631,2.41229,714032461.0,2026-03-12 05:41:07.916000+00:00
vaneck-treasury-fund,VBILL,VanEck Treasury Fund,1.0,73259174,342,0.0,1.0,1.0,0.0,73259174.14278999,2026-03-12 05:35:02.467000+00:00
threshold-network-token,T,Threshold Network,0.00655465,73088751,343,3568806.0,0.00670836,0.00650404,-2.29134,11155000000.0,2026-03-12 05:41:09.432000+00:00
movement,MOVE,Movement,0.0208338,73073062,344,12529395.0,0.02127604,0.02062315,0.85654,3508333333.0,2026-03-12 05:41:08.630000+00:00
superfarm,SUPER,SuperVerse,0.114519,72957764,345,4779000.0,0.115621,0.112864,0.54768,637164549.0,2026-03-12 05:41:08.919000+00:00
temple,TEMPLE,TempleDAO,3.07,72802882,346,460.55,3.08,3.05,0.33711,23722422.590706147,2026-03-12 01:23:13.908000+00:00
holotoken,HOT,Holo,0.00040332,71636667,347,5156894.0,0.00041966,0.0003988,-0.68183,177619433541.1413,2026-03-12 05:41:04.219000+00:00
nano,XNO,Nano,0.532958,71015777,348,645798.0,0.538958,0.503035,4.02351,133248297.0,2026-03-12 05:41:06.097000+00:00
centrifuge-2,CFG,Centrifuge,0.122852,70872516,349,4063358.0,0.137424,0.12234,-10.60344,577038746.0,2026-03-12 05:41:01.803000+00:00
nexpace,NXPC,Nexpace,0.277027,70379652,350,4578332.0,0.278658,0.275207,-0.26471,254024392.1697733,2026-03-12 05:41:06.290000+00:00
jupusd,JUPUSD,JupUSD,1.0,70301354,351,3741278.0,1.0,1.0,-0.01129,70279145.124285,2026-03-12 05:41:04.683000+00:00
dydx-chain,DYDX,dYdX,0.084765,70275618,352,6574880.0,0.090758,0.084565,-1.60148,829840013.9170294,2026-03-12 05:41:02.797000+00:00
metal-blockchain,METAL,Metal Blockchain,0.138011,70100604,353,706149.0,0.14646,0.135951,-1.0773,507639839.0528355,2026-03-12 05:41:05.636000+00:00
based-brett,BRETT,Brett,0.00704519,69751967,354,5289109.0,0.00734332,0.00699352,0.3496,9909609171.0065,2026-03-12 05:41:00.883000+00:00
bc-token,BC,BCGame Coin,0.0069488,69457870,355,9585.39,0.00720142,0.00691024,-2.12952,9989397127.089548,2026-03-12 05:41:00.843000+00:00
mina-protocol,MINA,Mina Protocol,0.05422,69282154,356,3535026.0,0.055905,0.054208,-0.34429,1277815533.840039,2026-03-12 05:41:05.874000+00:00
world-mobile-token,WMTX,World Mobile Token,0.082822,68971674,357,122356803.0,0.081095,0.068768,20.09023,850523647.728708,2026-03-12 05:41:10.261000+00:00
agentfun-ai,AGENTFUN,AgentFun.AI,0.686786,68669114,358,129.01,0.700702,0.686522,-0.73453,100000000.0,2026-03-12 05:40:59.988000+00:00
deso,DESO,Decentralized Social,6.47,68172837,359,39079.0,6.52,6.02,6.87272,10532253.8854,2026-03-12 05:41:02.496000+00:00
mindwavedao,NILA,MindWaveDAO,0.080909,68061430,360,178232.0,0.082321,0.080623,-0.32957,842766176.55,2026-03-12 05:41:05.801000+00:00
railgun,RAIL,Railgun,1.18,67797267,361,396786.0,1.2,1.16,0.61285,57500000.0,2026-03-12 05:41:07.507000+00:00
puff-the-dragon,PUFF,Puff The Dragon,0.075443,67133228,362,22483.0,0.075808,0.075315,-0.40594,888888888.0,2026-03-12 05:41:07.311000+00:00
soon-2,SOON,SOON,0.153072,66785840,363,2809453.0,0.157521,0.153016,-2.02695,436373263.48,2026-03-12 05:41:08.363000+00:00
tria,TRIA,TRIA,0.03077485,66343842,364,14419704.0,0.03149321,0.02699426,11.15243,2157670000.0,2026-03-12 05:41:09.520000+00:00
gamer-tag,GMRT,The Game Company,0.186919,66184542,365,1360.27,0.186972,0.186599,0.14029,354420686.9943294,2026-03-02 12:54:55.090000+00:00
sahara-ai,SAHARA,Sahara AI,0.02269299,66013072,366,18693042.0,0.02469983,0.02261199,-7.24869,2909166667.0,2026-03-12 05:41:07.955000+00:00
kava,KAVA,Kava,0.060936,65985219,367,7146159.0,0.065061,0.060555,-5.29452,1082847245.0,2026-03-12 05:41:04.817000+00:00
tdccp,TDCCP,TDCCP,0.103098,65982760,368,121984.0,0.106866,0.103067,-1.77551,639999980.9,2026-03-12 05:41:09.111000+00:00
proton,XPR,XPR Network,0.00229769,65701598,369,669749.0,0.00234629,0.0022845,-0.73536,28594292804.2598,2026-03-12 05:41:07.295000+00:00
gmx,GMX,GMX,6.27,65041215,370,6323915.0,6.4,6.23,-0.0202,10368708.92839404,2026-03-12 05:41:06.352000+00:00
zetachain,ZETA,ZetaChain,0.04943659,65004234,371,2757750.0,0.050805,0.04942493,-1.38596,1315270833.0,2026-03-12 05:41:00.313000+00:00
bitkub-coin,KUB,KUB Coin,0.942309,64990609,372,241389.0,0.954637,0.932818,-1.24586,68974776.0,2026-03-12 05:41:01.155000+00:00
alchemist-ai,ALCH,Alchemist AI,0.075403,64088550,373,8851486.0,0.078736,0.07532,-1.46719,850000000.0,2026-03-12 05:41:00.220000+00:00
unit-pump,UPUMP,Unit Pump,0.00200483,63764053,374,401430.0,0.00206147,0.00196886,0.48934,31901834623.08,2026-03-12 05:41:09.639000+00:00
astar,ASTR,Astar,0.00744519,63741038,375,3505447.0,0.00771518,0.0072921,1.85452,8563174824.0,2026-03-12 05:41:00.587000+00:00
vvs-finance,VVS,VVS Finance,1.46e-06,63613949,376,223839.0,1.48e-06,1.46e-06,-0.23231,43550331872463.74,2026-03-12 05:41:10.068000+00:00
aelf,ELF,aelf,0.077245,63263347,377,1812153.0,0.080283,0.076112,-1.62898,818995597.0622231,2026-03-12 05:40:59.983000+00:00
rekt-4,REKT,Rekt,1.49841e-07,63049306,378,1457514.0,1.54801e-07,1.49785e-07,-1.52652,420690000000000.0,2026-03-12 05:41:07.680000+00:00
turbo,TURBO,Turbo,0.00091276,62999048,379,9022344.0,0.00093119,0.00089319,1.64456,69000000000.0,2026-03-12 05:41:09.566000+00:00
megausd,USDM,MegaUSD,1.002,62975106,380,2064442.0,1.005,0.996944,0.1675,62981492.176572,2026-03-12 05:41:05.561000+00:00
aztec,AZTEC,Aztec,0.02151624,62803135,381,4726210.0,0.02203876,0.02093763,0.65755,2919340628.0,2026-03-12 05:41:00.879000+00:00
dai-on-pulsechain,DAI,DAI on PulseChain,0.00139087,62037145,382,159146.0,0.00152738,0.00137976,-7.21145,44357957765.36266,2026-03-12 05:41:02.380000+00:00
axelar,AXL,Axelar,0.054309,61582609,383,10452100.0,0.055405,0.052211,3.37857,1134087023.194276,2026-03-12 05:41:00.820000+00:00
opinion,OPN,Opinion,0.309772,61523089,384,71048574.0,0.324308,0.290096,-4.38864,198500000.0,2026-03-12 05:41:06.604000+00:00
frax-share,FRAX,Frax (prev. FXS),0.644701,61415232,385,2363841.0,0.656558,0.597611,7.32478,95159082.94674602,2026-03-12 05:41:03.410000+00:00
non-playable-coin,NPC,Non-Playable Coin,0.00758524,61032091,387,2656803.0,0.00794424,0.00753103,-3.18919,8050126520.0,2026-03-12 05:41:06.368000+00:00
bianrensheng,币安人生,币安人生 (BinanceLife),0.061013,61013012,386,11687536.0,0.066215,0.061019,-3.73039,1000000000.0,2026-03-12 05:41:00.958000+00:00
pythia,PYTHIA,PYTHIA,0.060911,60976481,388,1572762.0,0.061644,0.060845,-0.755,998160858.034359,2026-03-12 05:41:07.407000+00:00
verus-coin,VRSC,Verus,0.759709,60809575,389,226.06,0.766686,0.738183,0.49474,80043298.65515126,2026-03-12 05:40:58.871000+00:00
mog-coin,MOG,Mog Coin,1.5534e-07,60672692,390,9766952.0,1.60095e-07,1.55272e-07,-1.20249,390561998053223.3,2026-03-12 05:41:05.915000+00:00
velo,VELO,Velo,0.00345808,60590621,391,2271903.0,0.00353235,0.0034498,-1.61144,17563876115.0,2026-03-12 05:41:10.044000+00:00
plume,PLUME,Plume,0.01178473,60556871,392,14310288.0,0.01263527,0.01178525,-6.12008,5121329365.0,2026-03-12 05:41:07.118000+00:00
bitdca,BDCA,BitDCA,0.730867,59896551,393,363584.0,0.746481,0.730212,-0.26949,81977445.8124445,2026-03-12 05:41:01.145000+00:00
arkham,ARKM,Arkham,0.104436,59448017,394,16851701.0,0.107457,0.101514,2.61772,568532082.0,2026-03-12 05:41:00.562000+00:00
hashkey-ecopoints,HSK,HashKey Platform Token,0.172139,59385585,395,1544838.0,0.177381,0.170115,-1.42064,344960009.0,2026-03-12 05:41:04.520000+00:00
usdx,USDX,USDX,0.531303,59276226,396,4525.03,0.547642,0.530869,-0.89078,111568045.0,2026-03-12 05:41:09.759000+00:00
chainopera-ai,COAI,ChainOpera AI,0.312381,58729873,397,4565962.0,0.319159,0.303888,2.44375,188000098.0,2026-03-12 05:41:01.824000+00:00
biconomy,BICO,Biconomy,0.02236777,58604830,398,8792564.0,0.02383756,0.02056497,8.61008,999998453.8902866,2026-03-12 05:41:01.066000+00:00
jelly-my-jelly,JELLYJELLY,Jelly-My-Jelly,0.058015,57779478,399,10283538.0,0.059018,0.053015,9.43061,999999099.34,2026-03-12 05:41:04.699000+00:00
myx-finance,MYX,MYX Finance,0.300826,57375722,400,16381903.0,0.314568,0.296134,-3.86614,190768939.69,2026-03-12 05:41:06.125000+00:00
avantis,AVNT,Avantis,0.178734,57156303,401,105494802.0,0.198204,0.144242,23.18767,319958479.00324523,2026-03-12 05:41:00.837000+00:00
vethor-token,VTHO,VeThor,0.00058001,57134975,402,3833384.0,0.00063576,0.00057877,-8.58534,98506262060.0,2026-03-12 05:41:09.976000+00:00
audiera,BEAT,Audiera,0.409449,57036267,403,10348473.0,0.428724,0.383404,6.66764,139300000.0,2026-03-12 05:41:00.618000+00:00
space-and-time,SXT,Space and Time,0.018922,56078972,404,9478094.0,0.02007101,0.01879037,-4.65663,2963644496.2665,2026-03-12 05:41:08.440000+00:00
mocaverse,MOCA,Moca Network,0.01415718,55969717,405,3200259.0,0.01445173,0.01394263,1.18071,3952692403.1825,2026-03-12 05:41:05.919000+00:00
openeden-open-dollar,USDO,OpenEden OpenDollar,0.997916,55843430,406,676.38,0.999339,0.995041,0.14909,55938443.79756146,2026-03-12 05:41:06.564000+00:00
mbg-by-multibank-group,MBG,MBG By Multibank Group,0.300629,55692919,407,6063018.0,0.321361,0.298083,-4.89969,185320434.21865517,2026-03-12 05:41:07.218000+00:00
xyo-network,XYO,XYO Network,0.00397405,55363297,408,3649912.0,0.00407673,0.0039595,-1.11657,13931216938.01129,2026-03-12 05:40:59.595000+00:00
orca,ORCA,Orca,0.917208,55235003,409,9515258.0,0.936206,0.904198,-1.34349,60157142.325021,2026-03-12 05:41:06.754000+00:00
anchored-coins-eur,AEUR,Anchored Coins AEUR,1.15,55022539,410,23996.0,1.15,1.15,-0.42365,47929604.59999999,2026-03-12 05:41:00.308000+00:00
sushi,SUSHI,Sushi,0.200824,54812520,411,7573406.0,0.205444,0.195628,2.34032,273012266.12632084,2026-03-12 05:41:09.054000+00:00
spark-2,SPK,Spark,0.02209898,54503271,412,19730420.0,0.02338928,0.02126856,3.04121,2466380826.7144065,2026-03-12 05:41:08.455000+00:00
ai-companions,AIC,AI Companions,0.054323,54441222,413,1056885.0,0.056193,0.052286,0.5,1000000000.0,2026-03-12 05:41:02.946000+00:00
eurite,EURI,Eurite,1.15,54191913,414,6071872.0,1.16,1.15,-0.78393,46968932.99990108,2026-03-12 05:41:03.176000+00:00
law-blocks,LBT,Law Blocks AI,0.220412,54040969,415,551916.0,0.220782,0.220051,0.0054,244997999.0,2026-03-12 05:41:05.034000+00:00
niza-global-2,NIZA,Niza Global,0.04673459,53827687,416,1504058.0,0.04912536,0.04658663,-4.30181,1150000000.0,2026-03-12 05:41:06.284000+00:00
zignaly,ZIG,ZIGChain,0.03814111,53739098,417,494318.0,0.03819217,0.03729437,1.43985,1408940795.2396517,2026-03-12 05:40:59.775000+00:00
alphabet-class-a-ondo-tokenized-stock,GOOGLON,Alphabet Class A (Ondo Tokenized Stock),305.13,53688175,418,4306737.0,311.07,304.91,-1.10843,175948.8603412899,2026-03-12 05:41:00.204000+00:00
anvil,ANVL,Anvil,0.00066701,53536929,419,21966.0,0.00069759,0.00066701,-2.20414,80258438321.55038,2026-03-12 05:41:00.326000+00:00
escoin-token,ELG,Escoin,0.28916,53265968,420,352592.0,0.292963,0.287912,0.08078,184209191.10459575,2026-03-12 05:41:03.009000+00:00
freysa-ai,FAI,Freysa AI,0.00648626,53131033,421,3013779.0,0.00695367,0.00622327,-4.71313,8189700000.0,2026-03-12 05:41:03.404000+00:00
numeraire,NMR,Numeraire,7.5,52986088,423,4290165.0,7.69,7.49,-0.07587,7064559.331160707,2026-03-12 05:41:06.410000+00:00
pay-coin,PCI,Paycoin,0.051705,52983997,422,502705.0,0.052527,0.051459,-1.56085,1022576439.0,2026-03-12 05:41:06.946000+00:00
bitcastle-token,BCE,bitcastle Token,0.132027,52810862,425,83945.0,0.135275,0.131462,-0.54829,400000000.0,2026-03-12 05:41:01.096000+00:00
blur,BLUR,Blur,0.01918011,52780044,424,4939073.0,0.01963519,0.01906085,0.34743,2752289270.405251,2026-03-12 05:41:01.385000+00:00
cat-in-a-dogs-world,MEW,cat in a dogs world,0.00059145,52531682,426,8089431.0,0.0006133,0.00058297,0.47979,88888888888.88,2026-03-12 05:41:01.750000+00:00
geodnet,GEOD,Geodnet,0.124107,52250922,427,347114.0,0.129034,0.12225,0.65382,420893902.618101,2026-03-12 05:41:03.629000+00:00
venom,VENOM,Venom,0.02436042,52219609,428,848986.0,0.02442843,0.02430803,-0.14887,2143623527.802446,2026-03-12 05:41:09.973000+00:00
espresso,ESP,Espresso,0.10022,52195018,429,8950319.0,0.103842,0.097275,-3.48831,520550000.0,2026-03-12 05:41:03.032000+00:00
ordinals,ORDI,ORDI,2.48,52156552,430,13562169.0,2.57,2.37,4.34821,21000000.0,2026-03-12 05:41:06.679000+00:00
tesla-xstock,TSLAX,Tesla xStock,404.84,52109366,431,19330323.0,412.95,397.57,1.08888,128740.2185748371,2026-03-12 05:41:09.244000+00:00
ondo-u-s-dollar-token,USDON,Ondo U.S. Dollar Token,1.0,52088107,432,98493965.0,1.0,1.0,0.0,52088107.07084297,2026-03-12 05:41:06.655000+00:00
unifai-network,UAI,UnifAI Network,0.216069,51640705,435,5041134.0,0.237679,0.215289,-5.39663,239000000.0,2026-03-12 05:41:09.635000+00:00
siacoin,SC,Siacoin,0.0010373,51606893,433,4359779.0,0.00104987,0.00103348,-0.55141,49751295000.0225,2026-03-12 05:41:08.138000+00:00
burnedfi,BURN,BurnedFi,4.17,51593775,434,163900.0,4.26,3.99,-0.83133,12361945.431998985,2026-03-12 05:41:01.591000+00:00
aleo,ALEO,ALEO,0.054275,51490225,436,3262635.0,0.05824,0.054212,-6.80708,948641110.856696,2026-03-12 05:41:00.133000+00:00
succinct,PROVE,Succinct,0.262916,51343515,437,7525746.0,0.268047,0.25514,1.32207,195000000.0,2026-03-12 05:41:08.856000+00:00
request-network,REQ,Request,0.068662,51119099,438,2699708.0,0.073435,0.06288,8.92036,744291192.2591633,2026-03-12 05:41:07.747000+00:00
purr-2,PURR,Purr,0.085482,50906779,439,678587.0,0.08516,0.079106,6.88281,595592555.66023,2026-03-12 05:41:07.373000+00:00
fidelity-digital-dollar,FIDD,Fidelity Digital Dollar,0.999816,50591777,440,23072995.0,1.0,0.999222,-0.01122,50601072.59,2026-03-12 05:41:03.239000+00:00
iotex,IOTX,IoTeX,0.00535531,50561424,441,2423039.0,0.00538361,0.00504942,5.52326,9441368979.0,2026-03-12 05:41:04.527000+00:00
quantixai,QAI,QuantixAI,62.77,50451286,442,584133.0,64.56,60.33,0.2774,803852.1410055176,2026-03-12 05:41:07.404000+00:00
quack-ai,Q,Quack AI,0.01259202,50447214,443,7110082.0,0.0126516,0.01181565,5.54494,4000176660.0,2026-03-12 05:41:07.411000+00:00
polymesh,POLYX,Polymesh,0.04016457,50427714,444,1515663.0,0.04077491,0.04004441,-1.01902,1254538206.486415,2026-03-12 05:41:07.176000+00:00
usdkg,USDKG,USDKG,0.99995,49997484,445,184028.0,1.002,0.998362,0.00273,50000000.0,2026-03-12 05:41:09.712000+00:00
alloy-tether,AUSDT,Alloy Tether,0.9989,49945024,446,1.23,0.999865,0.998757,0.00438,50000005.0,2026-03-12 05:41:00.192000+00:00
ravedao,RAVE,RaveDAO,0.208263,49810766,447,40179427.0,0.245502,0.206266,-15.13136,239172222.0,2026-03-12 05:41:09.185000+00:00
straitsx-xusd,XUSD,StraitsX XUSD,0.999989,49800773,448,17300568.0,1.001,1.0,-0.01603,49801209.551,2026-03-12 05:41:08.812000+00:00
venus,XVS,Venus,2.96,49687501,449,3673175.0,3.01,2.91,1.64852,16761278.753931986,2026-03-12 05:41:10.022000+00:00
islamic-coin,ISLM,Islamic Coin,0.01980233,49567835,450,78769.0,0.02046685,0.01928569,-2.40188,2503231092.228325,2026-03-12 05:41:04.584000+00:00
popcat,POPCAT,Popcat,0.050209,49158240,451,13429890.0,0.052244,0.050148,-0.76905,979978669.96,2026-03-12 05:41:07.236000+00:00
bitway,BTW,Bitway,0.02230687,49091155,452,21778937.0,0.02235903,0.01645288,13.70195,2200000000.0,2026-03-12 05:41:01.234000+00:00
circle-xstock,CRCLX,Circle xStock,112.45,48600822,453,30413177.0,122.09,110.5,-4.72086,432186.7519406685,2026-03-12 05:41:01.871000+00:00
magic-eden,ME,Magic Eden,0.113044,48447112,454,4327485.0,0.114898,0.110498,2.30426,428721254.579615,2026-03-12 05:41:05.408000+00:00
midas-mtbill,MTBILL,Midas mTBILL,1.055,48227469,455,8.73,1.055,1.054,0.0354,45733084.62819557,2026-03-12 05:41:05.793000+00:00
usd,USD+,Overnight.fi USD+,0.996113,47902187,456,1.46,0.996205,0.996104,0.00049,48085096.3705041,2026-03-12 05:41:09.662000+00:00
tagger,TAG,TAGGER,0.00043867,47750948,457,2140367.0,0.00045684,0.00043868,-3.9759,108864805114.17,2026-03-12 05:41:09.101000+00:00
bankercoin-2,BNKR,BankrCoin,0.00047436,47397393,458,5254788.0,0.0005176,0.00047109,-5.72046,99999999999.99998,2026-03-12 05:41:00.870000+00:00
moo-deng,MOODENG,Moo Deng,0.04783263,47359951,459,9913979.0,0.04971701,0.04783167,-0.23735,989938577.209606,2026-03-12 05:41:05.987000+00:00
sygnum-fiusd-liquidity-fund,FIUSD,Sygnum FIUSD Liquidity Fund,11801.12,47176865,460,0.0,11801.12,11799.94,0.01,3997.66,2026-03-12 05:40:07.758000+00:00
gohome,GOHOME,GOHOME,89.26,46852068,461,1126950.0,90.26,88.52,0.09368,524619.425889,2026-03-12 05:41:03.771000+00:00
yooldo-games,ESPORTS,Yooldo Games,0.308123,46757806,462,15253189.0,0.310032,0.296072,0.15085,151800000.0,2026-03-12 05:40:59.987000+00:00
drift-protocol,DRIFT,Drift Protocol,0.080201,46664861,463,5849062.0,0.082661,0.080128,-1.45283,581870442.178601,2026-03-12 05:41:02.835000+00:00
orbs,ORBS,Orbs,0.00950474,46620226,464,4078645.0,0.00986022,0.00939797,-2.31491,4904946160.017301,2026-03-12 05:41:06.643000+00:00
zama,ZAMA,Zama,0.02106438,46336429,465,17498248.0,0.02184723,0.01928077,7.45501,2200000000.0,2026-03-12 05:40:59.708000+00:00
pirate-chain,ARRR,Pirate Chain,0.235414,46191510,466,421753.0,0.236339,0.225842,2.79766,196213797.97055,2026-03-12 05:41:07.075000+00:00
changenow,NOW,ChangeNOW,0.551878,46069495,467,10223.82,0.566984,0.550457,-0.6334,83599827.66538163,2026-03-12 05:41:01.822000+00:00
chia,XCH,Chia,2.55,45969442,468,1512450.0,2.59,2.48,1.18469,18104292.0,2026-03-12 05:41:02.058000+00:00
midas-mhyper,MHYPER,Midas mHYPER,1.083,45622902,469,1.58,1.083,1.083,0.0,42110686.68904796,2026-03-12 05:41:05.759000+00:00
waves,WAVES,Waves,0.454825,45482498,471,907180.0,0.462346,0.453778,-1.39723,100000000.0,2026-03-12 05:40:59.124000+00:00
ardor,ARDR,Ardor,0.04549279,45423012,470,8745754.0,0.051995,0.04525827,-12.50598,998466231.0,2026-03-12 05:41:00.541000+00:00
fractal-bitcoin,FB,Fractal Bitcoin,0.464703,45277973,472,1606711.0,0.47666,0.46469,-2.50857,97312474.94607788,2026-03-12 05:41:04.143000+00:00
babylon,BABY,Babylon,0.01478498,45250230,473,11326376.0,0.01592761,0.01456921,-6.60527,3060409928.98,2026-03-12 05:41:00.850000+00:00
peanut-the-squirrel,PNUT,Peanut the Squirrel,0.04482338,44791959,474,13229937.0,0.04604472,0.04396323,1.62251,999842427.661022,2026-03-12 05:41:06.946000+00:00
onfa,OFT,ONFA,0.416405,44652479,475,325113.0,0.427642,0.406032,-1.25814,107287555.7451893,2026-03-12 05:41:06.678000+00:00
celo,CELO,Celo,0.07462,44594413,476,5148717.0,0.07682,0.073831,0.64514,597552519.0,2026-03-12 05:41:01.800000+00:00
terra-luna-2,LUNA,Terra,0.062537,44383207,477,7296282.0,0.064037,0.062515,-0.96244,709984438.91686,2026-03-12 05:41:09.232000+00:00
gemini-dollar,GUSD,Gemini Dollar,1.0,44261732,479,544009.0,1.009,0.999472,-0.81941,44241023.44,2026-03-12 05:41:03.568000+00:00
lagrange,LA,Lagrange,0.22951,44260266,478,25118899.0,0.257801,0.229507,-5.34999,193000000.0,2026-03-12 05:41:05.042000+00:00
tellor,TRB,Tellor Tributes,15.91,43907854,480,13741796.0,16.11,15.19,4.70354,2763890.475052764,2026-03-12 05:41:09.205000+00:00
dusk-network,DUSK,DUSK,0.087787,43893291,481,7830522.0,0.091698,0.086164,0.09844,500000000.0,2026-03-12 05:41:02.853000+00:00
mask-network,MASK,Mask Network,0.438026,43774648,482,5960424.0,0.450451,0.433263,0.24005,100000000.0,2026-03-12 05:41:05.566000+00:00
ankr,ANKR,Ankr Network,0.00437384,43738390,483,7717615.0,0.00451646,0.00431683,0.13281,10000000000.0,2026-03-12 05:41:00.369000+00:00
unipoly,UNP,Unipoly,0.155511,43423451,484,358010.0,0.161177,0.155511,-1.77174,279230000.0,2026-03-12 05:41:09.606000+00:00
vana,VANA,Vana,1.4,43199537,485,1446161.0,1.42,1.4,0.13864,30800000.0,2026-03-12 05:41:09.874000+00:00
apxusd,APXUSD,apxUSD,0.999804,43170006,486,4448309.0,1.006,0.994256,0.21364,43178450.00000001,2026-03-12 05:41:00.410000+00:00
api3,API3,Api3,0.300618,42959350,487,48191367.0,0.328753,0.279903,7.28018,142562946.5227117,2026-03-12 05:41:00.408000+00:00
world-assets,INC,WorldAssets,0.474439,42880730,488,148116.0,0.492326,0.47174,-2.98682,90000000.0,2026-03-12 05:41:10.201000+00:00
moonbirds,BIRB,Moonbirds,0.149999,42751064,489,5340803.0,0.154039,0.148103,0.60064,285000000.0,2026-03-12 05:41:05.998000+00:00
palladium-network,PLLD,Palladium Network,0.82407,42737341,490,108181.0,0.846184,0.796239,-1.50372,51861311.15412087,2026-03-12 05:41:06.767000+00:00
would,WOULD,would,0.04296523,42729942,491,7324.44,0.04443211,0.04237471,-0.40068,999452575.99179,2026-03-12 05:40:59.153000+00:00
rocket-pool,RPL,Rocket Pool,1.92,42715490,492,3380070.0,1.96,1.91,-0.94975,22200229.5293232,2026-03-12 05:41:07.903000+00:00
ai-rig-complex,ARC,AI Rig Complex,0.04223681,42414700,493,8556291.0,0.04433361,0.04109795,2.2073,999983490.848424,2026-03-12 05:41:00.134000+00:00
altlayer,ALT,AltLayer,0.00741409,42137238,494,22234994.0,0.00803204,0.00739054,0.16121,5681597219.0,2026-03-12 05:41:00.318000+00:00
bora,BORA,BORA,0.03645627,42123990,495,178149.0,0.03722503,0.03643091,-1.52676,1152750000.0,2026-03-12 05:41:01.395000+00:00
resolv,RESOLV,Resolv,0.109432,42097686,496,51846426.0,0.12681,0.101133,4.06157,384703888.00140464,2026-03-12 05:41:07.814000+00:00
yzy,YZY,YZY,0.323868,42092902,497,730613.0,0.326281,0.322726,-0.29967,129999999.896197,2026-03-12 05:40:59.684000+00:00
atomone,ATONE,AtomOne,0.337641,42031359,498,27840.0,0.346508,0.327415,0.08631,125466259.767232,2026-03-12 05:41:00.667000+00:00
across-protocol,ACX,Across Protocol,0.059856,41992347,499,150522581.0,0.070358,0.03306311,80.57031,701462059.7752578,2026-03-12 05:40:59.919000+00:00
merlin-chain,MERL,Merlin Chain,0.03617863,41964189,500,5211925.0,0.03774773,0.03612955,-1.08232,1161505633.0,2026-03-12 05:41:05.634000+00:00
